Tipo de dato;Grupos ECOICOP;Periodo;Total
Índice;Índice general;2002M01;69,530
Índice;Índice general;2002M02;69,590
Índice;Índice general;2002M03;70,165
Índice;Índice general;2002M04;71,118
Índice;Índice general;2002M05;71,374
Índice;Índice general;2002M06;71,377
Índice;Índice general;2002M07;70,882
Índice;Índice general;2002M08;71,085
Índice;Índice general;2002M09;71,351
Índice;Índice general;2002M10;72,058
Índice;Índice general;2002M11;72,169
Índice;Índice general;2002M12;72,409
Índice;Índice general;2003M01;72,111
Índice;Índice general;2003M02;72,264
Índice;Índice general;2003M03;72,765
Índice;Índice general;2003M04;73,357
Índice;Índice general;2003M05;73,289
Índice;Índice general;2003M06;73,338
Índice;Índice general;2003M07;72,878
Índice;Índice general;2003M08;73,213
Índice;Índice general;2003M09;73,431
Índice;Índice general;2003M10;73,926
Índice;Índice general;2003M11;74,167
Índice;Índice general;2003M12;74,294
Índice;Índice general;2004M01;73,773
Índice;Índice general;2004M02;73,807
Índice;Índice general;2004M03;74,322
Índice;Índice general;2004M04;75,340
Índice;Índice general;2004M05;75,784
Índice;Índice general;2004M06;75,904
Índice;Índice general;2004M07;75,328
Índice;Índice general;2004M08;75,661
Índice;Índice general;2004M09;75,796
Índice;Índice general;2004M10;76,575
Índice;Índice general;2004M11;76,767
Índice;Índice general;2004M12;76,692
Índice;Índice general;2005M01;76,046
Índice;Índice general;2005M02;76,243
Índice;Índice general;2005M03;76,846
Índice;Índice general;2005M04;77,953
Índice;Índice general;2005M05;78,102
Índice;Índice general;2005M06;78,284
Índice;Índice general;2005M07;77,805
Índice;Índice general;2005M08;78,147
Índice;Índice general;2005M09;78,627
Índice;Índice general;2005M10;79,266
Índice;Índice general;2005M11;79,386
Índice;Índice general;2005M12;79,557
Índice;Índice general;2006M01;79,234
Índice;Índice general;2006M02;79,272
Índice;Índice general;2006M03;79,833
Índice;Índice general;2006M04;80,959
Índice;Índice general;2006M05;81,251
Índice;Índice general;2006M06;81,374
Índice;Índice general;2006M07;80,890
Índice;Índice general;2006M08;81,055
Índice;Índice general;2006M09;80,922
Índice;Índice general;2006M10;81,254
Índice;Índice general;2006M11;81,455
Índice;Índice general;2006M12;81,678
Índice;Índice general;2007M01;81,129
Índice;Índice general;2007M02;81,184
Índice;Índice general;2007M03;81,800
Índice;Índice general;2007M04;82,930
Índice;Índice general;2007M05;83,158
Índice;Índice general;2007M06;83,311
Índice;Índice general;2007M07;82,704
Índice;Índice general;2007M08;82,818
Índice;Índice general;2007M09;83,090
Índice;Índice general;2007M10;84,167
Índice;Índice general;2007M11;84,770
Índice;Índice general;2007M12;85,125
Índice;Índice general;2008M01;84,598
Índice;Índice general;2008M02;84,730
Índice;Índice general;2008M03;85,482
Índice;Índice general;2008M04;86,402
Índice;Índice general;2008M05;86,985
Índice;Índice general;2008M06;87,486
Índice;Índice general;2008M07;87,066
Índice;Índice general;2008M08;86,879
Índice;Índice general;2008M09;86,861
Índice;Índice general;2008M10;87,160
Índice;Índice general;2008M11;86,790
Índice;Índice general;2008M12;86,345
Índice;Índice general;2009M01;85,281
Índice;Índice general;2009M02;85,290
Índice;Índice general;2009M03;85,430
Índice;Índice general;2009M04;86,264
Índice;Índice general;2009M05;86,234
Índice;Índice general;2009M06;86,614
Índice;Índice general;2009M07;85,874
Índice;Índice general;2009M08;86,174
Índice;Índice general;2009M09;85,971
Índice;Índice general;2009M10;86,584
Índice;Índice general;2009M11;87,053
Índice;Índice general;2009M12;87,031
Índice;Índice general;2010M01;86,158
Índice;Índice general;2010M02;86,001
Índice;Índice general;2010M03;86,639
Índice;Índice general;2010M04;87,562
Índice;Índice general;2010M05;87,756
Índice;Índice general;2010M06;87,913
Índice;Índice general;2010M07;87,519
Índice;Índice general;2010M08;87,740
Índice;Índice general;2010M09;87,801
Índice;Índice general;2010M10;88,603
Índice;Índice general;2010M11;89,084
Índice;Índice general;2010M12;89,631
Índice;Índice general;2011M01;88,975
Índice;Índice general;2011M02;89,088
Índice;Índice general;2011M03;89,754
Índice;Índice general;2011M04;90,871
Índice;Índice general;2011M05;90,841
Índice;Índice general;2011M06;90,713
Índice;Índice general;2011M07;90,226
Índice;Índice general;2011M08;90,338
Índice;Índice general;2011M09;90,559
Índice;Índice general;2011M10;91,273
Índice;Índice general;2011M11;91,643
Índice;Índice general;2011M12;91,762
Índice;Índice general;2012M01;90,753
Índice;Índice general;2012M02;90,847
Índice;Índice general;2012M03;91,458
Índice;Índice general;2012M04;92,743
Índice;Índice general;2012M05;92,606
Índice;Índice general;2012M06;92,433
Índice;Índice general;2012M07;92,217
Índice;Índice general;2012M08;92,736
Índice;Índice general;2012M09;93,649
Índice;Índice general;2012M10;94,445
Índice;Índice general;2012M11;94,328
Índice;Índice general;2012M12;94,394
Índice;Índice general;2013M01;93,188
Índice;Índice general;2013M02;93,349
Índice;Índice general;2013M03;93,678
Índice;Índice general;2013M04;94,028
Índice;Índice general;2013M05;94,201
Índice;Índice general;2013M06;94,340
Índice;Índice general;2013M07;93,853
Índice;Índice general;2013M08;94,145
Índice;Índice general;2013M09;93,969
Índice;Índice general;2013M10;94,351
Índice;Índice general;2013M11;94,547
Índice;Índice general;2013M12;94,632
Índice;Índice general;2014M01;93,373
Índice;Índice general;2014M02;93,333
Índice;Índice general;2014M03;93,541
Índice;Índice general;2014M04;94,373
Índice;Índice general;2014M05;94,395
Índice;Índice general;2014M06;94,421
Índice;Índice general;2014M07;93,533
Índice;Índice general;2014M08;93,681
Índice;Índice general;2014M09;93,824
Índice;Índice general;2014M10;94,261
Índice;Índice general;2014M11;94,195
Índice;Índice general;2014M12;93,646
Índice;Índice general;2015M01;92,141
Índice;Índice general;2015M02;92,331
Índice;Índice general;2015M03;92,920
Índice;Índice general;2015M04;93,774
Índice;Índice general;2015M05;94,222
Índice;Índice general;2015M06;94,474
Índice;Índice general;2015M07;93,597
Índice;Índice general;2015M08;93,286
Índice;Índice general;2015M09;92,999
Índice;Índice general;2015M10;93,595
Índice;Índice general;2015M11;93,937
Índice;Índice general;2015M12;93,663
Índice;Índice general;2016M01;91,876
Índice;Índice general;2016M02;91,552
Índice;Índice general;2016M03;92,139
Índice;Índice general;2016M04;92,785
Índice;Índice general;2016M05;93,292
Índice;Índice general;2016M06;93,723
Índice;Índice general;2016M07;93,041
Índice;Índice general;2016M08;93,161
Índice;Índice general;2016M09;93,165
Índice;Índice general;2016M10;94,230
Índice;Índice general;2016M11;94,572
Índice;Índice general;2016M12;95,132
Índice;Índice general;2017M01;94,609
Índice;Índice general;2017M02;94,269
Índice;Índice general;2017M03;94,249
Índice;Índice general;2017M04;95,154
Índice;Índice general;2017M05;95,097
Índice;Índice general;2017M06;95,138
Índice;Índice general;2017M07;94,482
Índice;Índice general;2017M08;94,670
Índice;Índice general;2017M09;94,835
Índice;Índice general;2017M10;95,710
Índice;Índice general;2017M11;96,147
Índice;Índice general;2017M12;96,190
Índice;Índice general;2018M01;95,153
Índice;Índice general;2018M02;95,281
Índice;Índice general;2018M03;95,393
Índice;Índice general;2018M04;96,181
Índice;Índice general;2018M05;97,048
Índice;Índice general;2018M06;97,302
Índice;Índice general;2018M07;96,604
Índice;Índice general;2018M08;96,742
Índice;Índice general;2018M09;96,978
Índice;Índice general;2018M10;97,875
Índice;Índice general;2018M11;97,768
Índice;Índice general;2018M12;97,329
Índice;Índice general;2019M01;96,085
Índice;Índice general;2019M02;96,320
Índice;Índice general;2019M03;96,669
Índice;Índice general;2019M04;97,644
Índice;Índice general;2019M05;97,834
Índice;Índice general;2019M06;97,719
Índice;Índice general;2019M07;97,113
Índice;Índice general;2019M08;97,059
Índice;Índice general;2019M09;97,059
Índice;Índice general;2019M10;98,001
Índice;Índice general;2019M11;98,167
Índice;Índice general;2019M12;98,096
Índice;Índice general;2020M01;97,139
Índice;Índice general;2020M02;97,024
Índice;Índice general;2020M03;96,652
Índice;Índice general;2020M04;96,944
Índice;Índice general;2020M05;96,938
Índice;Índice general;2020M06;97,385
Índice;Índice general;2020M07;96,511
Índice;Índice general;2020M08;96,555
Índice;Índice general;2020M09;96,700
Índice;Índice general;2020M10;97,208
Índice;Índice general;2020M11;97,367
Índice;Índice general;2020M12;97,574
Índice;Índice general;2021M01;97,583
Índice;Índice general;2021M02;97,008
Índice;Índice general;2021M03;97,949
Índice;Índice general;2021M04;99,105
Índice;Índice general;2021M05;99,572
Índice;Índice general;2021M06;100,046
Índice;Índice general;2021M07;99,292
Índice;Índice general;2021M08;99,743
Índice;Índice general;2021M09;100,575
Índice;Índice general;2021M10;102,425
Índice;Índice general;2021M11;102,738
Índice;Índice general;2021M12;103,965
Índice;Índice general;2022M01;103,567
Índice;Índice general;2022M02;104,403
Índice;Índice general;2022M03;107,566
Índice;Índice general;2022M04;107,375
Índice;Índice general;2022M05;108,262
Índice;Índice general;2022M06;110,267
Índice;Índice general;2022M07;109,986
Índice;Índice general;2022M08;110,265
Índice;Índice general;2022M09;109,498
Índice;Índice general;2022M10;109,866
Índice;Índice general;2022M11;109,734
Índice;Índice general;2022M12;109,899
Índice;Índice general;2023M01;109,668
Índice;Índice general;2023M02;110,703
Índice;Índice general;2023M03;111,111
Índice;Índice general;2023M04;111,773
Índice;Índice general;2023M05;111,719
Índice;Índice general;2023M06;112,354
Índice;Índice general;2023M07;112,544
Índice;Índice general;2023M08;113,149
Índice;Índice general;2023M09;113,348
Índice;Índice general;2023M10;113,676
Índice;Índice general;2023M11;113,280
Índice;Índice general;2023M12;113,308
Índice;Índice general;2024M01;113,404
Índice;Índice general;2024M02;113,807
Índice;Índice general;2024M03;114,674
