totexpend,kids,age,pct_food,two_kids,ltotexpend
50,2,25,42.7199989557266,1,3.91202300542815
90,2,39,37.389999628067,1,4.49980967033027
180,2,47,19.4100007414818,1,5.19295685089021
80,2,33,44.3800002336502,1,4.38202663467388
90,1,31,33.3099991083145,0,4.49980967033027
70,1,24,37.5200003385544,0,4.24849524204936
140,1,46,25.67999958992,0,4.9416424226093
50,1,25,45.3299999237061,0,3.91202300542815
100,1,30,32.7899992465973,0,4.60517018598809
90,1,41,46.0799992084503,0,4.49980967033027
100,2,48,34.4700008630753,1,4.60517018598809
100,1,24,44.9099987745285,0,4.60517018598809
80,2,28,44.3899989128113,1,4.38202663467388
40,2,31,20.9000006318092,1,3.68887945411394
70,1,32,27.0599991083145,0,4.24849524204936
70,2,47,55.3600013256073,1,4.24849524204936
50,2,32,51.9500017166138,1,3.91202300542815
150,2,38,23.9600002765656,1,5.01063529409626
120,1,45,28.4599989652634,0,4.78749174278205
50,1,28,34.7200006246567,0,3.91202300542815
80,1,29,47.1500009298325,0,4.38202663467388
70,1,34,32.8399986028671,0,4.24849524204936
140,2,43,45.7399994134903,1,4.9416424226093
100,1,33,31.020000576973,0,4.60517018598809
60,2,47,34.2900007963181,1,4.0943445622221
80,2,53,18.5100004076958,1,4.38202663467388
50,2,29,40.7900005578995,1,3.91202300542815
70,2,40,59.1099977493286,1,4.24849524204936
60,2,33,41.5199995040894,1,4.0943445622221
90,1,57,34.5899999141693,0,4.49980967033027
100,2,43,48.8499999046326,1,4.60517018598809
50,1,32,44.7800010442734,0,3.91202300542815
60,2,25,40.939998626709,1,4.0943445622221
90,2,29,49.3400007486343,1,4.49980967033027
150,2,38,29.0100008249283,1,5.01063529409626
120,2,34,26.6299992799759,1,4.78749174278205
160,2,36,38.1300002336502,1,5.07517381523383
90,1,50,41.0699993371964,0,4.49980967033027
80,1,28,43.3999985456467,0,4.38202663467388
100,2,34,32.1599990129471,1,4.60517018598809
70,2,23,38.2699996232986,1,4.24849524204936
100,2,47,38.6700004339218,1,4.60517018598809
70,2,36,39.300000667572,1,4.24849524204936
110,1,44,35.8599990606308,0,4.70048036579242
60,1,20,28.4999996423721,0,4.0943445622221
90,2,35,39.2599999904633,1,4.49980967033027
70,1,23,35.2699995040894,0,4.24849524204936
60,1,29,34.4999998807907,0,4.0943445622221
140,2,32,26.2899994850159,1,4.9416424226093
80,2,35,38.7499988079071,1,4.38202663467388
80,1,26,29.1700005531311,0,4.38202663467388
100,2,30,31.4900010824203,1,4.60517018598809
140,1,30,17.4999997019768,0,4.9416424226093
90,1,29,37.4900013208389,0,4.49980967033027
190,1,49,18.3899998664856,0,5.24702407216049
280,2,41,21.8600004911423,1,5.63478960316925
100,2,47,41.5499985218048,1,4.60517018598809
80,1,24,34.7200006246567,0,4.38202663467388
90,1,51,46.4899986982346,0,4.49980967033027
110,2,35,24.2300003767014,1,4.70048036579242
60,1,47,44.1900014877319,0,4.0943445622221
130,1,29,35.4000002145767,0,4.86753445045558
100,2,29,45.0199991464615,1,4.60517018598809
80,2,38,33.5799992084503,1,4.38202663467388
90,2,38,37.1899992227554,1,4.49980967033027
40,2,32,64.6499991416931,1,3.68887945411394
50,2,29,52.1700024604797,1,3.91202300542815
70,2,34,35.8500003814697,1,4.24849524204936
90,2,26,27.700001001358,1,4.49980967033027
130,2,33,53.4799993038177,1,4.86753445045558
40,1,47,49.8400002717972,0,3.68887945411394
90,2,28,42.2300010919571,1,4.49980967033027
130,1,25,45.3299999237061,0,4.86753445045558
70,2,28,42.0199990272522,1,4.24849524204936
110,2,40,43.6199992895126,1,4.70048036579242
80,1,24,35.3300005197525,0,4.38202663467388
360,1,41,19.4600000977516,0,5.88610403145016
60,1,33,58.3299994468689,0,4.0943445622221
90,2,32,37.8800004720688,1,4.49980967033027
310,1,36,9.53999981284142,0,5.73657229747919
170,1,52,15.4100000858307,0,5.13579843705026
210,1,38,39.3299996852875,0,5.34710753071747
70,1,30,30.5900007486343,0,4.24849524204936
100,2,46,31.2700003385544,1,4.60517018598809
40,1,29,44.3199992179871,0,3.68887945411394
40,1,28,54.5000016689301,0,3.68887945411394
50,1,59,47.2400009632111,0,3.91202300542815
90,1,39,43.9999997615814,0,4.49980967033027
120,2,44,32.1200013160706,1,4.78749174278205
70,2,34,39.4199997186661,1,4.24849524204936
70,2,37,35.2699995040894,1,4.24849524204936
140,2,35,28.0600011348724,1,4.9416424226093
80,2,26,57.6600015163422,1,4.38202663467388
70,2,30,36.939999461174,1,4.24849524204936
100,1,34,30.57000041008,0,4.60517018598809
60,1,36,42.9899990558624,0,4.0943445622221
230,2,36,16.9400006532669,1,5.4380793089232
70,2,32,37.3800009489059,1,4.24849524204936
120,2,40,26.8500000238419,1,4.78749174278205
70,1,53,46.450001001358,0,4.24849524204936
70,2,30,51.639997959137,1,4.24849524204936
80,1,32,34.2700004577637,0,4.38202663467388
160,1,45,24.1200000047684,0,5.07517381523383
70,2,30,36.4399999380112,1,4.24849524204936
60,2,26,36.9700014591217,1,4.0943445622221
80,2,25,38.3399993181229,1,4.38202663467388
110,2,32,40.5299991369247,1,4.70048036579242
90,2,30,29.5700013637543,1,4.49980967033027
130,1,32,27.6199996471405,0,4.86753445045558
90,2,32,29.7600001096725,1,4.49980967033027
90,2,25,41.5600001811981,1,4.49980967033027
90,1,29,31.2400013208389,0,4.49980967033027
70,2,24,43.0999994277954,1,4.24849524204936
130,1,57,34.3699991703033,0,4.86753445045558
90,2,34,40.4199987649918,1,4.49980967033027
60,1,27,45.4199999570847,0,4.0943445622221
70,2,33,32.1599990129471,1,4.24849524204936
50,2,30,50.1399993896484,1,3.91202300542815
110,1,50,24.8799994587898,0,4.70048036579242
70,1,42,45.3299999237061,0,4.24849524204936
160,1,35,22.0500007271767,0,5.07517381523383
70,2,30,22.4900007247925,1,4.24849524204936
90,1,27,33.8899999856949,0,4.49980967033027
50,1,21,40.5600011348724,0,3.91202300542815
60,1,19,39.8000001907349,0,4.0943445622221
40,1,37,60.1000010967255,0,3.68887945411394
70,2,31,33.6400002241135,1,4.24849524204936
50,1,31,38.3799999952316,0,3.91202300542815
70,1,28,39.2899990081787,0,4.24849524204936
70,1,21,47.2200006246567,0,4.24849524204936
80,1,41,30.1699995994568,0,4.38202663467388
80,2,28,37.7999991178513,1,4.38202663467388
70,2,32,34.7699999809265,1,4.24849524204936
80,2,24,36.2899988889694,1,4.38202663467388
100,2,39,41.0100013017654,1,4.60517018598809
80,1,49,36.5799993276596,0,4.38202663467388
110,2,42,31.0600012540817,1,4.70048036579242
150,2,42,42.6899999380112,1,5.01063529409626
90,2,25,54.0499985218048,1,4.49980967033027
70,2,29,38.4700000286102,1,4.24849524204936
100,2,45,39.1000002622604,1,4.60517018598809
150,2,53,30.6499987840652,1,5.01063529409626
70,1,36,49.9900013208389,0,4.24849524204936
60,1,52,39.9199992418289,0,4.0943445622221
100,2,31,29.4400006532669,1,4.60517018598809
70,2,53,45.2199995517731,1,4.24849524204936
50,1,27,27.7200013399124,0,3.91202300542815
70,2,33,39.6200001239777,1,4.24849524204936
130,1,49,26.1000007390976,0,4.86753445045558
90,2,33,28.0699998140335,1,4.49980967033027
70,1,38,43.9900010824203,0,4.24849524204936
100,1,41,19.4499999284744,0,4.60517018598809
60,2,34,57.0100009441376,1,4.0943445622221
80,2,36,43.979999423027,1,4.38202663467388
230,1,47,35.8999997377396,0,5.4380793089232
90,2,25,36.3599985837936,1,4.49980967033027
60,2,35,59.8200023174286,1,4.0943445622221
90,1,41,18.5100004076958,0,4.49980967033027
80,1,26,32.3000013828278,0,4.38202663467388
60,2,32,54.8799991607666,1,4.0943445622221
70,2,38,32.8000009059906,1,4.24849524204936
70,1,34,27.0900011062622,0,4.24849524204936
130,2,48,25.9900003671646,1,4.86753445045558
60,1,24,34.9700003862381,0,4.0943445622221
110,2,32,34.8399996757507,1,4.70048036579242
120,2,36,32.379999756813,1,4.78749174278205
120,2,40,49.5400011539459,1,4.78749174278205
80,2,31,43.2200014591217,1,4.38202663467388
150,2,33,22.6300001144409,1,5.01063529409626
130,1,33,37.9400014877319,0,4.86753445045558
70,2,40,49.0500003099442,1,4.24849524204936
90,2,37,41.9299989938736,1,4.49980967033027
100,2,48,35.3899985551834,1,4.60517018598809
80,1,41,25.2499997615814,0,4.38202663467388
100,2,55,35.4200005531311,1,4.60517018598809
170,2,31,49.5400011539459,1,5.13579843705026
100,2,37,25.33999979496,1,4.60517018598809
80,2,37,41.6799992322922,1,4.38202663467388
80,1,24,27.1100014448166,0,4.38202663467388
80,2,34,36.5200012922287,1,4.38202663467388
180,2,40,25.2400010824203,1,5.19295685089021
220,1,33,31.1800003051758,0,5.39362754635236
80,2,47,50.0800013542175,1,4.38202663467388
110,2,43,39.3200010061264,1,4.70048036579242
90,2,26,42.2199994325638,1,4.49980967033027
110,2,36,29.3500006198883,1,4.70048036579242
120,2,35,28.2900005578995,1,4.78749174278205
170,1,35,30.6400001049042,0,5.13579843705026
60,2,37,31.7900002002716,1,4.0943445622221
50,1,34,31.1500012874603,0,3.91202300542815
60,1,26,34.9000006914139,0,4.0943445622221
130,2,34,27.3200005292892,1,4.86753445045558
90,2,30,23.7900003790855,1,4.49980967033027
140,2,37,26.4899998903275,1,4.9416424226093
70,2,28,42.9300010204315,1,4.24849524204936
90,2,31,61.9799971580505,1,4.49980967033027
190,1,52,23.0399996042252,0,5.24702407216049
50,2,33,30.469998717308,1,3.91202300542815
80,2,36,33.6899995803833,1,4.38202663467388
70,2,33,47.1199989318848,1,4.24849524204936
90,2,33,31.3300013542175,1,4.49980967033027
80,2,40,46.7500001192093,1,4.38202663467388
80,1,30,44.42999958992,0,4.38202663467388
80,2,33,22.8900000452995,1,4.38202663467388
70,2,25,50.1699984073639,1,4.24849524204936
190,1,41,20.270000398159,0,5.24702407216049
50,1,33,37.6800000667572,0,3.91202300542815
60,1,28,33.7900012731552,0,4.0943445622221
110,2,35,33.2399994134903,1,4.70048036579242
150,2,35,18.350000679493,1,5.01063529409626
90,1,26,22.7599993348122,0,4.49980967033027
100,2,37,25.5299985408783,1,4.60517018598809
60,2,31,41.3800001144409,1,4.0943445622221
110,2,37,32.8000009059906,1,4.70048036579242
80,2,37,28.6399990320206,1,4.38202663467388
140,2,41,34.2700004577637,1,4.9416424226093
100,1,30,29.5500010251999,0,4.60517018598809
120,2,34,33.7999999523163,1,4.78749174278205
70,2,30,48.539999127388,1,4.24849524204936
120,1,33,16.5099993348122,0,4.78749174278205
50,1,28,43.1300014257431,0,3.91202300542815
60,2,33,53.030002117157,1,4.0943445622221
90,2,30,33.5099995136261,1,4.49980967033027
100,2,48,43.419998884201,1,4.60517018598809
60,1,29,43.2500004768372,0,4.0943445622221
110,2,32,16.2200003862381,1,4.70048036579242
70,1,27,39.1799986362457,0,4.24849524204936
60,1,24,29.9400001764297,0,4.0943445622221
120,1,30,31.9799989461899,0,4.78749174278205
160,2,41,29.2400002479553,1,5.07517381523383
70,2,48,37.6199990510941,1,4.24849524204936
60,1,31,34.1199994087219,0,4.0943445622221
100,1,55,48.1000006198883,0,4.60517018598809
60,2,30,53.5799980163574,1,4.0943445622221
90,2,27,32.2699993848801,1,4.49980967033027
40,1,43,47.3800003528595,0,3.68887945411394
60,2,35,35.2899998426437,1,4.0943445622221
70,2,37,40.6599998474121,1,4.24849524204936
190,2,25,17.0399993658066,1,5.24702407216049
40,1,50,56.1100006103516,0,3.68887945411394
70,1,39,40.2399986982346,0,4.24849524204936
100,2,44,37.6399993896484,1,4.60517018598809
110,2,41,24.2300003767014,1,4.70048036579242
130,2,30,40.8100008964539,1,4.86753445045558
70,2,34,38.8000011444092,1,4.24849524204936
110,1,33,36.5500003099442,0,4.70048036579242
110,1,39,38.620001077652,0,4.70048036579242
80,1,43,29.4200003147125,0,4.38202663467388
60,1,43,41.1799997091293,0,4.0943445622221
80,1,34,19.760000705719,0,4.38202663467388
100,1,38,21.6700002551079,0,4.60517018598809
150,2,43,18.0299997329712,1,5.01063529409626
70,1,29,61.8399977684021,0,4.24849524204936
150,2,32,29.5700013637543,1,5.01063529409626
90,1,44,38.6799991130829,0,4.49980967033027
70,2,31,34.2200011014938,1,4.24849524204936
90,2,37,41.5100008249283,1,4.49980967033027
100,2,35,27.2300004959106,1,4.60517018598809
160,1,30,20.550000667572,0,5.07517381523383
150,2,27,15.2799993753433,1,5.01063529409626
100,2,24,26.0800004005432,1,4.60517018598809
120,2,31,30.6699991226196,1,4.78749174278205
60,1,24,28.9900004863739,0,4.0943445622221
40,2,49,59.2499971389771,1,3.68887945411394
80,1,28,36.9199991226196,0,4.38202663467388
100,1,37,24.600000679493,0,4.60517018598809
80,2,40,39.7599995136261,1,4.38202663467388
90,2,25,33.9899986982346,1,4.49980967033027
110,1,43,26.6799986362457,0,4.70048036579242
70,2,31,50.789999961853,1,4.24849524204936
90,2,36,33.8899999856949,1,4.49980967033027
50,2,22,39.860001206398,1,3.91202300542815
120,1,37,36.0100001096725,0,4.78749174278205
80,1,42,40.8300012350082,0,4.38202663467388
70,2,37,31.7699998617172,1,4.24849524204936
150,2,51,22.4299997091293,1,5.01063529409626
100,2,39,58.899998664856,1,4.60517018598809
70,2,38,36.3099992275238,1,4.24849524204936
60,1,36,36.5299999713898,0,4.0943445622221
130,2,34,26.6000002622604,1,4.86753445045558
190,2,38,25.4900008440018,1,5.24702407216049
90,2,44,45.5799996852875,1,4.49980967033027
100,1,29,29.2600005865097,0,4.60517018598809
90,2,41,30.2700012922287,1,4.49980967033027
70,1,41,39.5599991083145,0,4.24849524204936
70,2,32,43.0000007152557,1,4.24849524204936
60,1,29,33.9800000190735,0,4.0943445622221
60,1,30,32.3000013828278,0,4.0943445622221
110,2,35,35.9100013971329,1,4.70048036579242
70,1,54,59.3400001525879,0,4.24849524204936
60,1,25,36.0300004482269,0,4.0943445622221
120,1,43,35.9400004148483,0,4.78749174278205
90,2,37,34.5400005578995,1,4.49980967033027
70,1,40,35.9899997711182,0,4.24849524204936
80,2,30,41.5300011634827,1,4.38202663467388
70,1,35,34.7200006246567,0,4.24849524204936
50,2,25,42.7700012922287,1,3.91202300542815
80,2,57,52.5699973106384,1,4.38202663467388
90,2,32,35.6900006532669,1,4.49980967033027
80,1,53,57.8999996185303,0,4.38202663467388
100,2,27,33.9199990034103,1,4.60517018598809
90,2,31,26.910001039505,1,4.49980967033027
100,1,40,40.2200013399124,0,4.60517018598809
100,1,55,43.979999423027,0,4.60517018598809
100,2,36,34.2700004577637,1,4.60517018598809
80,1,32,30.8499991893768,0,4.38202663467388
60,2,33,38.0800008773804,1,4.0943445622221
110,1,38,18.1099995970726,0,4.70048036579242
70,1,31,11.0500000417233,0,4.24849524204936
130,1,35,28.4099996089935,0,4.86753445045558
50,1,32,24.4299992918968,0,3.91202300542815
100,2,42,36.1099988222122,1,4.60517018598809
90,1,34,19.650000333786,0,4.49980967033027
60,2,36,49.0399986505508,1,4.0943445622221
290,1,32,6.5200001001358,0,5.66988092298052
50,1,28,29.4800013303757,0,3.91202300542815
190,1,35,33.1999987363815,0,5.24702407216049
60,2,44,44.2999988794327,1,4.0943445622221
50,1,28,45.5700010061264,0,3.91202300542815
50,2,38,40.4100000858307,1,3.91202300542815
60,2,32,38.280001282692,1,4.0943445622221
110,2,32,44.6099996566772,1,4.70048036579242
80,2,27,33.9599996805191,1,4.38202663467388
70,2,35,38.2400006055832,1,4.24849524204936
140,2,32,34.8199993371964,1,4.9416424226093
50,1,29,47.5600004196167,0,3.91202300542815
120,2,50,35.2200001478195,1,4.78749174278205
50,1,37,31.5200001001358,0,3.91202300542815
80,2,34,35.3100001811981,1,4.38202663467388
90,1,27,32.9899996519089,0,4.49980967033027
90,1,45,39.3500000238419,0,4.49980967033027
60,1,28,27.360001206398,0,4.0943445622221
60,2,30,38.9800012111664,1,4.0943445622221
90,1,55,34.8800003528595,0,4.49980967033027
50,2,26,50.9800016880035,1,3.91202300542815
90,2,45,59.3999981880188,1,4.49980967033027
40,2,30,43.5600012540817,1,3.68887945411394
50,2,24,43.8499987125397,1,3.91202300542815
70,2,30,27.0799994468689,1,4.24849524204936
100,2,41,35.929998755455,1,4.60517018598809
50,2,26,33.2599997520447,1,3.91202300542815
90,1,38,36.7700010538101,0,4.49980967033027
70,2,30,42.6800012588501,1,4.24849524204936
110,2,54,34.8899990320206,1,4.70048036579242
120,2,39,29.1900008916855,1,4.78749174278205
70,1,31,33.5200011730194,0,4.24849524204936
80,1,25,29.2800009250641,0,4.38202663467388
110,1,57,33.2399994134903,0,4.70048036579242
70,1,25,42.3000007867813,0,4.24849524204936
110,2,39,42.5399988889694,1,4.70048036579242
70,1,41,38.7699991464615,0,4.24849524204936
60,2,26,32.8999996185303,1,4.0943445622221
80,2,49,48.199999332428,1,4.38202663467388
60,2,36,14.9599999189377,1,4.0943445622221
160,2,54,25.2400010824203,1,5.07517381523383
70,1,33,43.0299997329712,0,4.24849524204936
90,1,33,32.6900005340576,0,4.49980967033027
110,1,56,23.0499997735023,0,4.70048036579242
50,2,30,51.4299988746643,1,3.91202300542815
90,1,22,48.5000014305115,0,4.49980967033027
70,1,20,43.7099993228912,0,4.24849524204936
70,1,57,28.6100000143051,0,4.24849524204936
70,1,25,42.3900008201599,0,4.24849524204936
110,2,36,19.4399997591972,1,4.70048036579242
80,2,40,31.0099989175797,1,4.38202663467388
80,1,29,49.099999666214,0,4.38202663467388
80,2,34,23.0499997735023,1,4.38202663467388
80,1,22,56.4400017261505,0,4.38202663467388
100,1,44,29.5100003480911,0,4.60517018598809
50,1,60,54.7699987888336,0,3.91202300542815
50,1,35,26.910001039505,0,3.91202300542815
120,1,36,23.5200002789497,0,4.78749174278205
70,2,40,57.6499998569489,1,4.24849524204936
190,1,32,13.8600006699562,0,5.24702407216049
100,2,38,40.6899988651276,1,4.60517018598809
100,2,33,52.9399991035461,1,4.60517018598809
70,1,45,46.0099995136261,0,4.24849524204936
40,1,25,55.4000020027161,0,3.68887945411394
150,2,34,26.9400000572205,1,5.01063529409626
60,2,40,53.9399981498718,1,4.0943445622221
50,1,36,50.4400014877319,0,3.91202300542815
60,1,22,40.5699998140335,0,4.0943445622221
80,1,35,16.8599992990494,0,4.38202663467388
90,1,25,36.2300008535385,0,4.49980967033027
100,2,34,35.2999985218048,1,4.60517018598809
250,2,35,20.2600002288818,1,5.52146091786225
100,2,42,31.0799986124039,1,4.60517018598809
70,1,34,37.0700001716614,0,4.24849524204936
70,2,41,16.8300002813339,1,4.24849524204936
70,2,38,24.66000020504,1,4.24849524204936
150,2,35,19.2499995231628,1,5.01063529409626
80,1,39,35.8300000429153,0,4.38202663467388
80,2,35,33.5900008678436,1,4.38202663467388
90,2,40,45.3500002622604,1,4.49980967033027
110,2,42,48.4499990940094,1,4.70048036579242
50,1,53,45.770001411438,0,3.91202300542815
50,1,24,42.4199998378754,0,3.91202300542815
90,2,30,29.7399997711182,1,4.49980967033027
110,1,27,29.0800005197525,0,4.70048036579242
50,2,54,43.079999089241,1,3.91202300542815
90,2,40,26.350000500679,1,4.49980967033027
130,2,36,29.1399985551834,1,4.86753445045558
80,2,35,32.1900010108948,1,4.38202663467388
110,2,44,31.7900002002716,1,4.70048036579242
60,1,60,36.5799993276596,0,4.0943445622221
90,2,28,41.9299989938736,1,4.49980967033027
110,2,39,33.2199990749359,1,4.70048036579242
70,1,48,27.5499999523163,0,4.24849524204936
100,2,38,39.9500012397766,1,4.60517018598809
80,2,38,44.1199988126755,1,4.38202663467388
90,2,42,21.6700002551079,1,4.49980967033027
100,2,44,46.7999994754791,1,4.60517018598809
80,2,53,49.1400003433228,1,4.38202663467388
70,2,30,30.5299997329712,1,4.24849524204936
100,2,30,32.3000013828278,1,4.60517018598809
70,2,34,41.2400007247925,1,4.24849524204936
60,1,57,49.8299986124039,0,4.0943445622221
70,2,59,48.6000001430511,1,4.24849524204936
80,1,36,29.0600001811981,0,4.38202663467388
80,1,42,38.3399993181229,0,4.38202663467388
60,1,32,49.4899988174438,0,4.0943445622221
50,1,36,30.919998884201,0,3.91202300542815
100,2,20,33.2399994134903,1,4.60517018598809
120,1,38,29.1900008916855,0,4.78749174278205
120,2,34,39.5000010728836,1,4.78749174278205
70,2,32,44.2600011825562,1,4.24849524204936
80,1,42,35.479998588562,0,4.38202663467388
70,2,37,37.4900013208389,1,4.24849524204936
50,1,54,49.9199986457825,0,3.91202300542815
90,2,37,45.7500010728836,1,4.49980967033027
50,1,32,54.0799975395203,0,3.91202300542815
80,2,28,40.7200008630753,1,4.38202663467388
70,2,30,44.9999988079071,1,4.24849524204936
120,2,39,34.1300010681152,1,4.78749174278205
60,2,41,44.1799998283386,1,4.0943445622221
80,1,41,32.6599985361099,0,4.38202663467388
130,2,38,38.4400010108948,1,4.86753445045558
70,1,41,37.279999256134,0,4.24849524204936
70,1,25,25.0999987125397,0,4.24849524204936
70,1,46,23.1499999761581,0,4.24849524204936
80,2,39,39.5599991083145,1,4.38202663467388
140,2,35,42.1099990606308,1,4.9416424226093
110,1,39,27.4199992418289,0,4.70048036579242
140,2,28,18.8899993896484,1,4.9416424226093
60,2,31,48.0300009250641,1,4.0943445622221
50,2,34,50.7200002670288,1,3.91202300542815
80,2,34,46.2700009346008,1,4.38202663467388
130,1,50,18.690000474453,0,4.86753445045558
270,1,41,11.9400002062321,0,5.59842195899838
80,2,35,47.7999985218048,1,4.38202663467388
110,1,33,24.0099996328354,0,4.70048036579242
120,2,37,33.6899995803833,1,4.78749174278205
110,1,43,36.1099988222122,0,4.70048036579242
80,1,27,40.200001001358,0,4.38202663467388
80,1,55,31.1100006103516,0,4.38202663467388
100,1,60,26.8900007009506,0,4.60517018598809
200,1,25,11.5800000727177,0,5.29831736654804
150,2,49,25.4400014877319,1,5.01063529409626
70,2,37,43.6899989843369,1,4.24849524204936
60,1,24,55.5299997329712,0,4.0943445622221
190,2,38,15.0700002908707,1,5.24702407216049
60,1,38,49.6800005435944,0,4.0943445622221
150,2,40,26.9300013780594,1,5.01063529409626
80,1,28,33.6299985647202,0,4.38202663467388
90,2,34,36.8600010871887,1,4.49980967033027
120,2,42,32.5899988412857,1,4.78749174278205
120,2,38,26.7300009727478,1,4.78749174278205
70,2,38,56.7900002002716,1,4.24849524204936
70,2,24,42.0899987220764,1,4.24849524204936
80,1,24,50.2699971199036,0,4.38202663467388
100,1,39,38.7199997901917,0,4.60517018598809
80,2,36,37.6800000667572,1,4.38202663467388
160,1,27,22.0400005578995,0,5.07517381523383
90,2,39,34.3400001525879,1,4.49980967033027
70,2,46,51.7400026321411,1,4.24849524204936
230,2,36,28.5299986600876,1,5.4380793089232
60,1,35,31.3899993896484,0,4.0943445622221
120,2,37,29.1399985551834,1,4.78749174278205
80,2,30,51.6600012779236,1,4.38202663467388
80,2,29,39.4800007343292,1,4.38202663467388
120,2,45,47.0400005578995,1,4.78749174278205
320,1,45,12.2000001370907,0,5.76832099579377
100,2,27,24.9500006437302,1,4.60517018598809
110,2,39,35.479998588562,1,4.70048036579242
190,1,40,18.8199996948242,0,5.24702407216049
130,2,40,30.2100002765656,1,4.86753445045558
60,2,33,46.2599992752075,1,4.0943445622221
150,2,37,24.779999256134,1,5.01063529409626
90,2,34,30.5999994277954,1,4.49980967033027
120,2,39,30.5299997329712,1,4.78749174278205
50,1,30,57.2300016880035,0,3.91202300542815
130,2,32,29.2400002479553,1,4.86753445045558
50,1,37,54.1100025177002,0,3.91202300542815
60,2,40,50.0299990177155,1,4.0943445622221
50,2,30,51.1900007724762,1,3.91202300542815
80,2,42,38.6400014162064,1,4.38202663467388
100,1,26,29.7500014305115,0,4.60517018598809
80,1,37,29.789999127388,0,4.38202663467388
70,2,38,37.2299998998642,1,4.24849524204936
70,2,35,43.4599995613098,1,4.24849524204936
70,2,36,41.2299990653992,1,4.24849524204936
60,2,39,50.2499997615814,1,4.0943445622221
70,2,29,34.8800003528595,1,4.24849524204936
90,2,42,42.3000007867813,1,4.49980967033027
90,2,38,24.5299994945526,1,4.49980967033027
150,2,32,27.0999997854233,1,5.01063529409626
110,2,39,34.5400005578995,1,4.70048036579242
90,2,25,42.4299985170364,1,4.49980967033027
110,2,57,36.6899996995926,1,4.70048036579242
160,2,46,42.3000007867813,1,5.07517381523383
110,1,21,26.9300013780594,0,4.70048036579242
70,2,39,49.9000012874603,1,4.24849524204936
80,1,35,38.4099990129471,0,4.38202663467388
60,1,26,41.7100012302399,0,4.0943445622221
100,1,26,24.8799994587898,0,4.60517018598809
80,1,43,24.0299999713898,0,4.38202663467388
100,1,33,27.5099992752075,0,4.60517018598809
100,2,38,27.7900010347366,1,4.60517018598809
110,1,27,19.820000231266,0,4.70048036579242
80,2,40,44.08999979496,1,4.38202663467388
100,2,40,30.919998884201,1,4.60517018598809
90,2,27,38.4900003671646,1,4.49980967033027
80,2,41,40.8899992704391,1,4.38202663467388
60,2,28,51.3000011444092,1,4.0943445622221
80,1,52,44.9400007724762,0,4.38202663467388
120,2,37,37.8100007772446,1,4.78749174278205
110,2,35,38.1399989128113,1,4.70048036579242
70,2,35,26.2800008058548,1,4.24849524204936
60,2,25,37.9400014877319,1,4.0943445622221
90,2,37,27.8600007295609,1,4.49980967033027
110,2,46,41.2800014019012,1,4.70048036579242
90,2,36,49.4700014591217,1,4.49980967033027
50,1,28,39.8799985647202,0,3.91202300542815
150,2,47,39.0399992465973,1,5.01063529409626
90,1,21,24.3100002408028,0,4.49980967033027
100,2,29,35.9899997711182,1,4.60517018598809
100,2,27,23.6599996685982,1,4.60517018598809
50,2,39,55.8000028133392,1,3.91202300542815
80,1,27,44.7899997234344,0,4.38202663467388
140,2,32,18.5900002717972,1,4.9416424226093
90,2,31,44.9099987745285,1,4.49980967033027
110,2,30,22.859999537468,1,4.70048036579242
80,2,25,36.1400008201599,1,4.38202663467388
120,1,22,25.5400002002716,0,4.78749174278205
160,2,33,28.7200003862381,1,5.07517381523383
50,1,32,60.9799981117249,0,3.91202300542815
70,2,33,38.6999994516373,1,4.24849524204936
50,1,34,43.0599987506866,0,3.91202300542815
40,1,34,78.8999974727631,0,3.68887945411394
70,2,28,38.6099994182587,1,4.24849524204936
100,2,31,31.7799985408783,1,4.60517018598809
120,1,51,18.860000371933,0,4.78749174278205
90,2,38,49.0399986505508,1,4.49980967033027
90,1,45,35.4999989271164,0,4.49980967033027
70,2,27,41.5199995040894,1,4.24849524204936
60,2,36,42.5500005483627,1,4.0943445622221
80,2,28,48.3799993991852,1,4.38202663467388
100,2,40,50.3600001335144,1,4.60517018598809
100,2,34,45.9800004959106,1,4.60517018598809
140,2,37,26.8200010061264,1,4.9416424226093
40,1,42,39.9899989366531,0,3.68887945411394
70,2,26,48.3599990606308,1,4.24849524204936
80,1,45,32.5500011444092,0,4.38202663467388
120,1,47,27.1800011396408,0,4.78749174278205
210,2,37,29.6000003814697,1,5.34710753071747
60,1,33,61.5499973297119,0,4.0943445622221
60,1,29,34.9900007247925,0,4.0943445622221
90,1,25,32.2800010442734,0,4.49980967033027
130,2,33,26.9600003957748,1,4.86753445045558
70,1,49,42.289999127388,0,4.24849524204936
190,1,29,20.4999998211861,0,5.24702407216049
110,1,28,26.8500000238419,0,4.70048036579242
60,2,25,29.6400010585785,1,4.0943445622221
70,1,34,39.640000462532,0,4.24849524204936
100,1,38,38.5500013828278,0,4.60517018598809
50,1,52,41.4799988269806,0,3.91202300542815
60,1,40,35.1000010967255,0,4.0943445622221
90,2,39,47.7400004863739,1,4.49980967033027
70,1,28,47.350001335144,0,4.24849524204936
60,2,40,42.8999990224838,1,4.0943445622221
150,2,40,21.7299997806549,1,5.01063529409626
50,1,34,26.8299996852875,0,3.91202300542815
60,2,30,34.2599987983704,1,4.0943445622221
50,2,36,41.3800001144409,1,3.91202300542815
140,1,38,33.2100003957748,0,4.9416424226093
90,2,37,40.2099996805191,1,4.49980967033027
70,2,40,39.5399987697601,1,4.24849524204936
110,2,37,32.1099996566772,1,4.70048036579242
90,2,37,36.4600002765656,1,4.49980967033027
70,1,50,52.0500004291534,0,4.24849524204936
80,2,31,45.7399994134903,1,4.38202663467388
100,2,34,39.9800002574921,1,4.60517018598809
60,1,34,44.7400003671646,0,4.0943445622221
90,2,28,41.2299990653992,1,4.49980967033027
90,2,41,35.929998755455,1,4.49980967033027
120,2,37,40.4100000858307,1,4.78749174278205
90,2,47,32.4200004339218,1,4.49980967033027
80,2,41,42.6099985837936,1,4.38202663467388
110,1,38,35.7100009918213,0,4.70048036579242
70,1,37,35.0199997425079,0,4.24849524204936
90,2,31,42.8900003433228,1,4.49980967033027
70,1,29,47.4299997091293,0,4.24849524204936
90,1,34,38.2099986076355,0,4.49980967033027
50,1,33,34.4999998807907,0,3.91202300542815
90,2,32,35.249999165535,1,4.49980967033027
60,2,27,32.9699993133545,1,4.0943445622221
80,1,44,33.7099999189377,0,4.38202663467388
100,2,36,40.3299987316132,1,4.60517018598809
80,2,32,41.5499985218048,1,4.38202663467388
50,1,44,60.1700007915497,0,3.91202300542815
100,1,26,60.970002412796,0,4.60517018598809
40,1,29,58.6499989032745,0,3.68887945411394
60,1,41,46.1299985647202,0,4.0943445622221
100,1,53,41.2400007247925,0,4.60517018598809
110,2,31,34.4399988651276,1,4.70048036579242
130,2,48,37.7999991178513,1,4.86753445045558
90,2,26,40.8100008964539,1,4.49980967033027
70,1,35,33.9399993419647,0,4.24849524204936
100,2,37,52.6000022888184,1,4.60517018598809
70,1,30,43.970000743866,0,4.24849524204936
80,2,27,34.5800012350082,1,4.38202663467388
50,2,24,52.7999997138977,1,3.91202300542815
150,2,36,34.6799999475479,1,5.01063529409626
90,2,37,33.6800009012222,1,4.49980967033027
130,1,48,37.0999991893768,0,4.86753445045558
100,2,34,30.5599987506866,1,4.60517018598809
70,2,25,42.9800003767014,1,4.24849524204936
60,2,35,51.2000024318695,1,4.0943445622221
110,1,27,55.349999666214,0,4.70048036579242
100,2,50,47.3199993371964,1,4.60517018598809
140,2,45,33.4600001573563,1,4.9416424226093
90,2,35,45.3900009393692,1,4.49980967033027
120,1,30,25.2900004386902,0,4.78749174278205
100,2,43,40.9500002861023,1,4.60517018598809
80,2,41,47.6099997758865,1,4.38202663467388
60,2,28,34.0700000524521,1,4.0943445622221
140,1,30,24.4699999690056,0,4.9416424226093
180,2,43,27.5299996137619,1,5.19295685089021
150,2,34,27.9900014400482,1,5.01063529409626
110,2,45,24.2599993944168,1,4.70048036579242
40,2,35,61.1299991607666,1,3.68887945411394
70,1,32,33.5799992084503,0,4.24849524204936
100,2,37,41.0199999809265,1,4.60517018598809
120,2,33,39.6100014448166,1,4.78749174278205
60,2,37,36.3200008869171,1,4.0943445622221
130,1,30,29.6000003814697,0,4.86753445045558
130,2,37,35.2899998426437,1,4.86753445045558
110,1,48,21.2599992752075,0,4.70048036579242
160,2,46,33.6899995803833,1,5.07517381523383
120,2,42,36.9500011205673,1,4.78749174278205
150,1,30,30.3200006484985,0,5.01063529409626
70,1,27,32.4499994516373,0,4.24849524204936
60,2,47,45.440000295639,1,4.0943445622221
50,1,26,38.9699995517731,0,3.91202300542815
80,2,30,25.9799987077713,1,4.38202663467388
80,1,37,17.7300006151199,0,4.38202663467388
220,2,40,14.4299998879433,1,5.39362754635236
130,1,47,27.3400008678436,0,4.86753445045558
80,1,35,25.0800013542175,0,4.38202663467388
80,2,45,42.3200011253357,1,4.38202663467388
50,1,40,54.1100025177002,0,3.91202300542815
80,2,32,27.2899985313416,1,4.38202663467388
80,2,27,37.6399993896484,1,4.38202663467388
100,1,38,25.220000743866,0,4.60517018598809
70,2,36,43.970000743866,1,4.24849524204936
110,2,36,46.2000012397766,1,4.70048036579242
110,2,32,47.5499987602234,1,4.70048036579242
110,2,32,44.9400007724762,1,4.70048036579242
80,1,28,44.4599986076355,0,4.38202663467388
70,2,40,50.6200015544891,1,4.24849524204936
100,1,37,36.2800002098083,0,4.60517018598809
100,2,34,25.8599996566772,1,4.60517018598809
100,2,47,42.3700004816055,1,4.60517018598809
50,2,33,10.1899996399879,1,3.91202300542815
40,2,29,34.6500009298325,1,3.68887945411394
100,2,33,36.7500007152557,1,4.60517018598809
100,2,40,39.5999997854233,1,4.60517018598809
100,2,35,34.1399997472763,1,4.60517018598809
130,2,48,30.7200014591217,1,4.86753445045558
260,2,48,28.0800014734268,1,5.56068163101553
100,1,49,48.0100005865097,0,4.60517018598809
80,2,34,45.9800004959106,1,4.38202663467388
140,1,45,41.6799992322922,0,4.9416424226093
90,1,34,19.4999992847443,0,4.49980967033027
70,2,29,41.1500006914139,1,4.24849524204936
80,2,36,53.5000026226044,1,4.38202663467388
80,2,43,37.4599993228912,1,4.38202663467388
120,2,36,49.8600006103516,1,4.78749174278205
70,2,38,43.0200010538101,1,4.24849524204936
80,2,54,52.1700024604797,1,4.38202663467388
130,1,33,27.140000462532,0,4.86753445045558
90,1,45,39.520001411438,0,4.49980967033027
150,2,34,16.5099993348122,1,5.01063529409626
210,1,49,19.4999992847443,0,5.34710753071747
120,2,32,34.7000002861023,1,4.78749174278205
70,2,27,29.7600001096725,1,4.24849524204936
160,2,38,46.0399985313416,1,5.07517381523383
120,2,34,35.929998755455,1,4.78749174278205
100,2,34,30.9500008821487,1,4.60517018598809
100,2,33,42.3200011253357,1,4.60517018598809
80,2,42,38.2600009441376,1,4.38202663467388
190,1,39,7.69999995827675,0,5.24702407216049
90,2,31,33.0399990081787,1,4.49980967033027
70,1,32,39.4499987363815,0,4.24849524204936
110,1,30,20.5099999904633,0,4.70048036579242
170,1,45,38.8999998569489,0,5.13579843705026
90,2,38,43.2300001382828,1,4.49980967033027
70,2,38,51.1099994182587,1,4.24849524204936
80,2,28,34.9200010299683,1,4.38202663467388
110,2,25,12.7900004386902,1,4.70048036579242
110,2,28,39.8499995470047,1,4.70048036579242
60,2,33,47.6599991321564,1,4.0943445622221
90,2,32,38.7600004673004,1,4.49980967033027
130,1,49,22.1799999475479,0,4.86753445045558
70,2,46,46.8199998140335,1,4.24849524204936
130,2,44,26.8700003623962,1,4.86753445045558
100,2,40,35.7100009918213,1,4.60517018598809
60,2,36,54.2400002479553,1,4.0943445622221
90,2,32,38.1900012493134,1,4.49980967033027
90,2,40,38.289999961853,1,4.49980967033027
90,2,34,22.5400000810623,1,4.49980967033027
110,2,36,43.3499991893768,1,4.70048036579242
60,1,49,45.100000500679,0,4.0943445622221
80,2,38,17.1499997377396,1,4.38202663467388
140,2,42,37.1199995279312,1,4.9416424226093
60,2,36,38.1900012493134,1,4.0943445622221
90,2,32,37.4199986457825,1,4.49980967033027
110,2,44,34.2200011014938,1,4.70048036579242
110,1,43,33.3799988031387,0,4.70048036579242
170,2,37,34.1399997472763,1,5.13579843705026
170,2,34,21.7700004577637,1,5.13579843705026
90,2,29,39.1200006008148,1,4.49980967033027
120,1,32,35.699999332428,0,4.78749174278205
80,2,33,48.0800002813339,1,4.38202663467388
80,1,36,46.2599992752075,0,4.38202663467388
120,2,40,42.289999127388,1,4.78749174278205
110,2,43,30.9399992227554,1,4.70048036579242
110,1,52,21.1899995803833,0,4.70048036579242
60,2,36,49.3099987506866,1,4.0943445622221
120,2,36,30.1699995994568,1,4.78749174278205
60,2,35,47.2200006246567,1,4.0943445622221
90,2,43,27.3200005292892,1,4.49980967033027
90,2,38,30.8999985456467,1,4.49980967033027
110,2,54,46.9500005245209,1,4.70048036579242
80,1,46,30.689999461174,0,4.38202663467388
120,2,40,32.9100012779236,1,4.78749174278205
50,1,37,46.9199985265732,0,3.91202300542815
70,1,53,31.1599999666214,0,4.24849524204936
160,2,38,26.4400005340576,1,5.07517381523383
50,1,25,37.4700009822845,0,3.91202300542815
80,1,27,41.3399994373322,0,4.38202663467388
90,2,35,34.8600000143051,1,4.49980967033027
130,2,50,26.4400005340576,1,4.86753445045558
90,1,38,28.9400011301041,0,4.49980967033027
300,2,37,19.8100000619888,1,5.7037824746562
140,1,31,15.1600003242493,0,4.9416424226093
170,2,41,37.720000743866,1,5.13579843705026
90,1,46,50.9400010108948,0,4.49980967033027
60,1,24,27.0700007677078,0,4.0943445622221
80,2,32,43.9599990844727,1,4.38202663467388
50,1,25,33.5700005292892,0,3.91202300542815
130,2,33,22.4000006914139,1,4.86753445045558
60,2,35,45.0300008058548,1,4.0943445622221
70,2,36,26.5100002288818,1,4.24849524204936
90,2,37,42.3099994659424,1,4.49980967033027
70,2,33,45.3700006008148,1,4.24849524204936
80,2,30,59.7899973392487,1,4.38202663467388
110,2,45,34.2400014400482,1,4.70048036579242
100,1,36,24.0600004792213,0,4.60517018598809
120,2,38,40.9700006246567,1,4.78749174278205
90,2,43,40.4100000858307,1,4.49980967033027
60,2,29,44.2099988460541,1,4.0943445622221
100,2,45,44.4999992847443,1,4.60517018598809
80,1,22,29.9800008535385,0,4.38202663467388
180,2,36,50.3000020980835,1,5.19295685089021
110,2,36,39.4699990749359,1,4.70048036579242
90,2,27,43.7999993562698,1,4.49980967033027
50,1,28,37.2999995946884,0,3.91202300542815
100,2,37,30.0500005483627,1,4.60517018598809
120,2,34,37.2399985790253,1,4.78749174278205
150,2,32,30.3200006484985,1,5.01063529409626
80,2,33,32.5800001621246,1,4.38202663467388
100,2,39,37.3800009489059,1,4.60517018598809
80,2,32,37.7400010824203,1,4.38202663467388
120,2,30,42.1400010585785,1,4.78749174278205
60,2,38,16.5199995040894,1,4.0943445622221
100,1,20,30.7300001382828,0,4.60517018598809
80,1,29,40.8199995756149,0,4.38202663467388
80,2,35,40.3400003910065,1,4.38202663467388
90,1,54,29.3599992990494,0,4.49980967033027
90,2,35,30.6699991226196,1,4.49980967033027
90,2,31,36.6699993610382,1,4.49980967033027
60,2,37,33.5900008678436,1,4.0943445622221
100,1,49,36.0599994659424,0,4.60517018598809
80,1,27,30.2300006151199,0,4.38202663467388
90,1,39,40.5099987983704,0,4.49980967033027
170,2,36,22.0300003886223,1,5.13579843705026
90,2,53,35.2699995040894,1,4.49980967033027
100,2,35,31.6799998283386,1,4.60517018598809
70,2,35,38.060000538826,1,4.24849524204936
150,2,31,45.550000667572,1,5.01063529409626
60,1,43,52.0099997520447,0,4.0943445622221
70,2,24,40.1300013065338,1,4.24849524204936
100,1,34,24.0099996328354,0,4.60517018598809
130,1,26,23.9399999380112,0,4.86753445045558
70,1,32,23.649999499321,0,4.24849524204936
80,1,43,32.1099996566772,0,4.38202663467388
80,1,31,30.4500013589859,0,4.38202663467388
60,2,26,40.1199996471405,1,4.0943445622221
70,2,29,36.3299995660782,1,4.24849524204936
150,2,30,32.5899988412857,1,5.01063529409626
180,1,44,19.370000064373,0,5.19295685089021
120,2,37,36.1200004816055,1,4.78749174278205
70,2,37,38.0899995565414,1,4.24849524204936
70,1,23,36.7000013589859,0,4.24849524204936
70,2,28,50.2499997615814,1,4.24849524204936
80,2,43,17.1499997377396,1,4.38202663467388
150,1,24,12.559999525547,0,5.01063529409626
90,1,54,40.2999997138977,0,4.49980967033027
70,2,28,21.7600002884865,1,4.24849524204936
130,2,32,25.2999991178513,1,4.86753445045558
120,2,36,31.6599994897842,1,4.78749174278205
110,2,37,53.0700027942657,1,4.70048036579242
50,1,42,49.099999666214,0,3.91202300542815
50,1,23,36.1200004816055,0,3.91202300542815
60,1,31,42.1400010585785,0,4.0943445622221
90,2,39,33.3299994468689,1,4.49980967033027
90,2,44,48.1900006532669,1,4.49980967033027
110,1,25,27.7700006961823,0,4.70048036579242
110,2,36,47.0699995756149,1,4.70048036579242
90,2,32,28.6100000143051,1,4.49980967033027
100,1,38,24.6299996972084,0,4.60517018598809
40,1,26,47.3600000143051,0,3.68887945411394
170,1,26,19.1100001335144,0,5.13579843705026
100,2,32,50.5299985408783,1,4.60517018598809
120,2,43,19.4900006055832,1,4.78749174278205
70,1,28,24.5299994945526,0,4.24849524204936
60,2,23,29.3599992990494,1,4.0943445622221
60,2,34,41.5600001811981,1,4.0943445622221
30,1,24,63.2700026035309,0,3.40119738166216
80,2,28,38.289999961853,1,4.38202663467388
40,1,24,37.3499989509583,0,3.68887945411394
120,1,40,23.7800002098083,0,4.78749174278205
90,1,31,26.1400014162064,0,4.49980967033027
260,2,25,20.6799998879433,1,5.56068163101553
50,1,26,32.3000013828278,0,3.91202300542815
120,2,32,39.4499987363815,1,4.78749174278205
90,1,34,53.7000000476837,0,4.49980967033027
120,2,34,49.439999461174,1,4.78749174278205
60,1,38,43.8300013542175,0,4.0943445622221
60,1,45,33.9100003242493,0,4.0943445622221
100,2,39,46.0799992084503,1,4.60517018598809
200,2,33,20.4099997878075,1,5.29831736654804
110,2,36,32.039999961853,1,4.70048036579242
100,2,35,40.5000001192093,1,4.60517018598809
130,2,35,23.6900001764297,1,4.86753445045558
130,1,24,23.3300000429153,0,4.86753445045558
80,1,42,43.4399992227554,0,4.38202663467388
120,2,34,29.1700005531311,1,4.78749174278205
40,2,31,35.6200009584427,1,3.68887945411394
130,1,32,26.7500013113022,0,4.86753445045558
70,1,45,48.1099992990494,0,4.24849524204936
90,1,42,42.8999990224838,0,4.49980967033027
60,2,32,50.9400010108948,1,4.0943445622221
70,2,32,33.270001411438,1,4.24849524204936
80,2,23,50.5599975585938,1,4.38202663467388
190,1,50,34.060001373291,0,5.24702407216049
110,1,23,21.1099997162819,0,4.70048036579242
100,2,42,30.8800011873245,1,4.60517018598809
90,1,58,43.2000011205673,0,4.49980967033027
50,1,28,35.5300009250641,0,3.91202300542815
80,2,38,55.6800007820129,1,4.38202663467388
60,2,40,51.8599987030029,1,4.0943445622221
60,2,34,29.3300002813339,1,4.0943445622221
100,2,29,36.6699993610382,1,4.60517018598809
80,2,38,26.6799986362457,1,4.38202663467388
70,1,27,53.1000018119812,0,4.24849524204936
40,1,48,56.6900014877319,0,3.68887945411394
100,1,31,35.7800006866455,0,4.60517018598809
80,2,31,37.950000166893,1,4.38202663467388
100,2,44,39.7799998521805,1,4.60517018598809
150,2,26,33.7099999189377,1,5.01063529409626
160,1,45,19.8400005698204,0,5.07517381523383
90,2,22,29.7300010919571,1,4.49980967033027
100,2,31,36.8699997663498,1,4.60517018598809
120,2,23,34.9000006914139,1,4.78749174278205
100,1,26,35.3100001811981,0,4.60517018598809
130,1,34,36.8400007486343,0,4.86753445045558
70,1,48,44.0400004386902,0,4.24849524204936
110,2,37,32.4299991130829,1,4.70048036579242
100,2,41,24.770000576973,1,4.60517018598809
80,1,25,20.440000295639,0,4.38202663467388
140,2,38,35.4999989271164,1,4.9416424226093
120,1,40,13.4399995207787,0,4.78749174278205
80,2,31,35.4900002479553,1,4.38202663467388
100,1,27,38.510000705719,0,4.60517018598809
100,1,24,25.9400010108948,0,4.60517018598809
80,2,38,49.8299986124039,1,4.38202663467388
90,1,29,28.7299990653992,0,4.49980967033027
130,2,40,19.820000231266,1,4.86753445045558
50,2,32,39.5999997854233,1,3.91202300542815
80,2,37,51.5399992465973,1,4.38202663467388
130,1,36,28.1800001859665,0,4.86753445045558
70,2,34,42.5599992275238,1,4.24849524204936
60,1,43,25.9900003671646,0,4.0943445622221
140,2,35,33.1800013780594,1,4.9416424226093
70,2,33,26.6999989748001,1,4.24849524204936
70,1,37,17.5200000405312,0,4.24849524204936
60,2,30,23.2899993658066,1,4.0943445622221
70,2,28,37.4099999666214,1,4.24849524204936
90,2,44,34.2799991369247,1,4.49980967033027
100,2,33,33.390000462532,1,4.60517018598809
70,1,38,37.0299994945526,0,4.24849524204936
160,2,31,19.0999999642372,1,5.07517381523383
110,2,39,33.7599992752075,1,4.70048036579242
90,1,25,19.9000000953674,0,4.49980967033027
90,2,35,38.6400014162064,1,4.49980967033027
70,1,38,28.9600014686584,0,4.24849524204936
70,2,36,23.0000004172325,1,4.24849524204936
70,1,43,18.1500002741814,0,4.24849524204936
70,1,57,54.0600001811981,0,4.24849524204936
50,2,30,52.1499991416931,1,3.91202300542815
50,1,27,39.5000010728836,0,3.91202300542815
70,2,36,41.0199999809265,1,4.24849524204936
160,1,27,24.1200000047684,0,5.07517381523383
80,1,27,25.8100003004074,0,4.38202663467388
140,2,30,22.1399992704391,1,4.9416424226093
150,2,38,33.3299994468689,1,5.01063529409626
60,1,43,38.1999999284744,0,4.0943445622221
60,2,25,36.6400003433228,1,4.0943445622221
80,1,38,24.9799996614456,0,4.38202663467388
170,2,35,13.3900001645088,1,5.13579843705026
50,1,24,33.2399994134903,0,3.91202300542815
90,2,32,51.8499970436096,1,4.49980967033027
130,1,33,21.1500003933907,0,4.86753445045558
110,1,45,43.2799994945526,0,4.70048036579242
70,1,23,46.9599992036819,0,4.24849524204936
120,1,21,23.2700005173683,0,4.78749174278205
100,1,24,30.799999833107,0,4.60517018598809
130,2,27,19.8400005698204,1,4.86753445045558
50,2,40,43.419998884201,1,3.91202300542815
70,2,32,26.9400000572205,1,4.24849524204936
120,2,32,20.100000500679,1,4.78749174278205
90,2,44,40.1899993419647,1,4.49980967033027
60,2,31,24.4200006127357,1,4.0943445622221
100,2,43,35.0699990987778,1,4.60517018598809
90,2,28,58.0600023269653,1,4.49980967033027
130,2,29,44.2600011825562,1,4.86753445045558
100,2,52,40.3400003910065,1,4.60517018598809
180,2,36,21.8600004911423,1,5.19295685089021
110,2,35,24.3399992585182,1,4.70048036579242
140,1,48,29.1299998760223,0,4.9416424226093
50,2,35,58.9600026607513,1,3.91202300542815
90,2,39,26.2600004673004,1,4.49980967033027
60,2,36,40.5099987983704,1,4.0943445622221
90,2,37,40.599998831749,1,4.49980967033027
80,2,34,31.0499995946884,1,4.38202663467388
70,2,27,38.2999986410141,1,4.24849524204936
90,2,35,33.4699988365173,1,4.49980967033027
50,1,24,22.8400006890297,0,3.91202300542815
90,2,35,49.3400007486343,1,4.49980967033027
60,2,27,31.7600011825562,1,4.0943445622221
80,1,36,40.4300004243851,0,4.38202663467388
50,1,36,47.9699999094009,0,3.91202300542815
80,1,32,28.0699998140335,0,4.38202663467388
80,2,32,43.9399987459183,1,4.38202663467388
60,2,34,38.4700000286102,1,4.0943445622221
170,2,34,35.1700007915497,1,5.13579843705026
190,2,26,33.0900013446808,1,5.24702407216049
250,2,49,23.5200002789497,1,5.52146091786225
100,1,35,28.5299986600876,0,4.60517018598809
90,2,44,59.0300023555756,1,4.49980967033027
80,1,26,45.3799992799759,0,4.38202663467388
170,2,38,24.269999563694,1,5.13579843705026
190,2,33,13.2100000977516,1,5.24702407216049
120,2,44,42.4699991941452,1,4.78749174278205
90,1,28,31.0000002384186,0,4.49980967033027
130,2,37,34.1800004243851,1,4.86753445045558
120,2,32,30.469998717308,1,4.78749174278205
230,1,49,27.5799989700317,0,5.4380793089232
110,2,45,36.9899988174438,1,4.70048036579242
70,1,36,32.4299991130829,0,4.24849524204936
80,2,37,41.4600014686584,1,4.38202663467388
70,2,34,41.3199990987778,1,4.24849524204936
80,2,34,40.7499998807907,1,4.38202663467388
100,2,41,23.7100005149841,1,4.60517018598809
40,2,27,58.0399990081787,1,3.68887945411394
90,1,29,32.9299986362457,0,4.49980967033027
50,1,48,46.4599996805191,0,3.91202300542815
100,1,47,19.4600000977516,0,4.60517018598809
100,2,40,39.6100014448166,1,4.60517018598809
100,1,36,22.2499996423721,0,4.60517018598809
110,2,39,34.349998831749,1,4.70048036579242
100,2,33,24.1799995303154,1,4.60517018598809
250,2,28,16.7300000786781,1,5.52146091786225
40,2,35,52.6700019836426,1,3.68887945411394
160,2,37,17.2999992966652,1,5.07517381523383
150,2,49,30.0500005483627,1,5.01063529409626
140,2,38,48.5100001096725,1,4.9416424226093
70,2,27,41.7699992656708,1,4.24849524204936
100,2,43,39.8900002241135,1,4.60517018598809
60,1,20,32.5700014829636,0,4.0943445622221
70,1,47,43.8499987125397,0,4.24849524204936
70,2,22,36.3099992275238,1,4.24849524204936
50,2,49,40.8800005912781,1,3.91202300542815
120,1,34,34.3100011348724,0,4.78749174278205
60,2,32,40.3200000524521,1,4.0943445622221
140,1,38,31.920000910759,0,4.9416424226093
280,1,45,14.8200005292892,0,5.63478960316925
160,1,23,20.0200006365776,0,5.07517381523383
100,1,29,33.1400007009506,0,4.60517018598809
100,1,29,23.6699998378754,0,4.60517018598809
160,2,38,15.1199996471405,1,5.07517381523383
100,1,25,41.2400007247925,0,4.60517018598809
90,2,29,28.3699989318848,1,4.49980967033027
80,1,28,39.4499987363815,0,4.38202663467388
70,2,22,41.8000012636185,1,4.24849524204936
90,1,51,34.7299993038177,0,4.49980967033027
60,1,28,43.1100010871887,0,4.0943445622221
60,2,28,49.2399990558624,1,4.0943445622221
150,1,35,50.4800021648407,0,5.01063529409626
130,1,56,27.7300000190735,0,4.86753445045558
160,2,36,26.5500009059906,1,5.07517381523383
150,2,29,20.8499997854233,1,5.01063529409626
50,1,29,19.6400001645088,0,3.91202300542815
70,2,47,45.890000462532,1,4.24849524204936
160,1,28,23.9700004458427,0,5.07517381523383
170,1,29,19.5099994540215,0,5.13579843705026
110,1,45,21.7299997806549,0,4.70048036579242
60,1,27,28.0499994754791,0,4.0943445622221
80,2,43,45.9699988365173,1,4.38202663467388
60,1,28,26.8299996852875,0,4.0943445622221
110,1,36,28.5100013017654,0,4.70048036579242
100,2,42,28.3199995756149,1,4.60517018598809
200,1,36,17.6100000739098,0,5.29831736654804
160,2,28,18.5100004076958,1,5.07517381523383
90,2,39,40.7299995422363,1,4.49980967033027
80,2,33,37.3199999332428,1,4.38202663467388
110,2,37,24.6900007128716,1,4.70048036579242
80,1,25,36.1600011587143,0,4.38202663467388
50,2,38,51.2000024318695,1,3.91202300542815
200,2,49,29.6099990606308,1,5.29831736654804
140,1,33,36.7399990558624,0,4.9416424226093
140,2,34,27.6199996471405,1,4.9416424226093
100,2,40,29.339998960495,1,4.60517018598809
90,2,31,35.8500003814697,1,4.49980967033027
90,2,29,33.8099986314774,1,4.49980967033027
140,2,41,15.8700004220009,1,4.9416424226093
120,2,44,37.7499997615814,1,4.78749174278205
120,2,35,57.5900018215179,1,4.78749174278205
80,2,28,50.0299990177155,1,4.38202663467388
110,1,35,29.0800005197525,0,4.70048036579242
110,2,36,25.229999423027,1,4.70048036579242
150,2,41,37.7799987792969,1,5.01063529409626
70,1,27,27.2000014781952,0,4.24849524204936
100,1,27,31.0900002717972,0,4.60517018598809
170,2,49,22.9599997401237,1,5.13579843705026
130,2,34,26.1700004339218,1,4.86753445045558
90,2,35,32.039999961853,1,4.49980967033027
90,2,30,29.6900004148483,1,4.49980967033027
110,2,36,49.2900013923645,1,4.70048036579242
180,2,38,30.1600009202957,1,5.19295685089021
60,2,34,26.240000128746,1,4.0943445622221
150,2,34,33.1099987030029,1,5.01063529409626
60,2,28,20.160000026226,1,4.0943445622221
70,2,36,23.9199995994568,1,4.24849524204936
90,2,34,65.8599972724915,1,4.49980967033027
80,1,45,40.9999996423721,0,4.38202663467388
120,2,34,39.2800003290176,1,4.78749174278205
90,2,46,37.3600006103516,1,4.49980967033027
160,1,41,28.0900001525879,0,5.07517381523383
90,2,28,39.1299992799759,1,4.49980967033027
110,2,32,58.9100003242493,1,4.70048036579242
140,1,52,51.910001039505,0,4.9416424226093
70,2,36,44.6399986743927,1,4.24849524204936
90,1,34,17.8000003099442,0,4.49980967033027
150,1,50,29.6200007200241,0,5.01063529409626
70,2,40,56.029999256134,1,4.24849524204936
100,1,34,29.1299998760223,0,4.60517018598809
100,1,39,15.0099992752075,0,4.60517018598809
80,2,35,33.160001039505,1,4.38202663467388
90,2,44,42.8299993276596,1,4.49980967033027
130,2,36,31.2299996614456,1,4.86753445045558
120,2,35,34.7200006246567,1,4.78749174278205
170,1,33,26.3999998569489,0,5.13579843705026
90,2,31,31.3699990510941,1,4.49980967033027
90,1,30,25.6599992513657,0,4.49980967033027
210,1,27,16.2499994039536,0,5.34710753071747
90,2,41,48.8099992275238,1,4.49980967033027
130,2,36,19.9699997901917,1,4.86753445045558
150,2,44,20.3299999237061,1,5.01063529409626
130,2,31,33.8600009679794,1,4.86753445045558
140,2,41,28.099998831749,1,4.9416424226093
60,2,37,44.4400012493134,1,4.0943445622221
80,2,40,38.5800004005432,1,4.38202663467388
90,2,37,32.940000295639,1,4.49980967033027
100,2,33,21.8999996781349,1,4.60517018598809
110,1,36,40.2700006961823,0,4.70048036579242
120,2,50,32.6099991798401,1,4.78749174278205
130,2,36,24.0899994969368,1,4.86753445045558
120,1,34,18.3899998664856,0,4.78749174278205
180,2,29,18.469999730587,1,5.19295685089021
120,2,47,37.7600014209747,1,4.78749174278205
40,2,41,61.4700019359589,1,3.68887945411394
90,1,37,30.1800012588501,0,4.49980967033027
60,1,25,45.1599985361099,0,4.0943445622221
110,2,46,41.5399998426437,1,4.70048036579242
100,1,60,29.9299985170364,0,4.60517018598809
80,2,34,35.4099988937378,1,4.38202663467388
200,2,35,21.5399995446205,1,5.29831736654804
80,2,42,47.9000002145767,1,4.38202663467388
160,1,31,31.58999979496,0,5.07517381523383
140,2,45,39.7100001573563,1,4.9416424226093
60,1,25,40.1600003242493,0,4.0943445622221
110,2,35,42.509999871254,1,4.70048036579242
70,1,37,30.5400013923645,0,4.24849524204936
100,2,39,35.0899994373322,1,4.60517018598809
130,2,33,38.2600009441376,1,4.86753445045558
100,2,42,37.7499997615814,1,4.60517018598809
100,2,30,36.5299999713898,1,4.60517018598809
100,2,28,43.2300001382828,1,4.60517018598809
60,1,41,47.4500000476837,0,4.0943445622221
100,2,33,40.7299995422363,1,4.60517018598809
50,2,25,51.0399997234344,1,3.91202300542815
90,2,43,41.8799996376038,1,4.49980967033027
110,2,33,33.1900000572205,1,4.70048036579242
60,2,28,31.9000005722046,1,4.0943445622221
90,1,45,28.7200003862381,0,4.49980967033027
100,1,34,29.9499988555908,0,4.60517018598809
80,1,33,36.379998922348,0,4.38202663467388
60,1,51,51.9299983978271,0,4.0943445622221
80,2,39,41.6799992322922,1,4.38202663467388
120,2,43,29.3700009584427,1,4.78749174278205
140,2,40,42.8200006484985,1,4.9416424226093
190,2,43,18.4300005435944,1,5.24702407216049
70,2,32,33.0700010061264,1,4.24849524204936
60,1,29,46.3600009679794,0,4.0943445622221
140,2,37,36.0700011253357,1,4.9416424226093
60,1,31,37.5600010156631,0,4.0943445622221
140,2,37,32.1900010108948,1,4.9416424226093
50,1,28,38.960000872612,0,3.91202300542815
70,2,26,43.7000006437302,1,4.24849524204936
60,2,37,43.3200001716614,1,4.0943445622221
30,1,49,41.9099986553192,0,3.40119738166216
240,2,51,12.0999999344349,1,5.48063892334199
140,2,29,8.94000008702278,1,4.9416424226093
70,2,33,42.3900008201599,1,4.24849524204936
70,2,44,46.0200011730194,1,4.24849524204936
70,1,26,46.2399989366531,0,4.24849524204936
40,1,23,44.3399995565414,0,3.68887945411394
100,2,42,41.8799996376038,1,4.60517018598809
100,1,43,30.8400005102158,0,4.60517018598809
100,2,38,28.1599998474121,1,4.60517018598809
140,1,26,33.1999987363815,0,4.9416424226093
60,1,28,52.4399995803833,0,4.0943445622221
70,1,29,23.0599999427795,0,4.24849524204936
80,1,33,32.1700006723404,0,4.38202663467388
70,1,28,30.3999990224838,0,4.24849524204936
50,2,40,48.2300013303757,1,3.91202300542815
100,1,27,22.6699993014336,0,4.60517018598809
120,1,42,25.0299990177155,0,4.78749174278205
160,2,28,19.7300001978874,1,5.07517381523383
90,2,33,34.909999370575,1,4.49980967033027
120,1,42,24.2799997329712,0,4.78749174278205
70,1,30,41.0800009965897,0,4.24849524204936
70,1,33,33.7900012731552,0,4.24849524204936
60,2,32,33.6499989032745,1,4.0943445622221
60,1,31,22.1300005912781,0,4.0943445622221
80,1,32,36.7000013589859,0,4.38202663467388
170,2,44,28.3499985933304,1,5.13579843705026
110,2,36,21.5399995446205,1,4.70048036579242
60,2,31,43.189999461174,1,4.0943445622221
150,2,29,56.879997253418,1,5.01063529409626
40,2,31,34.2299997806549,1,3.68887945411394
50,1,29,42.0500010251999,0,3.91202300542815
190,1,26,14.0799999237061,0,5.24702407216049
70,2,24,32.8999996185303,1,4.24849524204936
70,2,39,43.7299996614456,1,4.24849524204936
80,2,23,24.9099999666214,1,4.38202663467388
90,1,38,34.400001168251,0,4.49980967033027
120,1,30,29.9100011587143,0,4.78749174278205
120,2,33,34.1100007295609,1,4.78749174278205
80,2,34,28.0099987983704,1,4.38202663467388
80,2,36,49.549999833107,1,4.38202663467388
130,1,52,39.2599999904633,0,4.86753445045558
60,2,27,43.0900007486343,1,4.0943445622221
390,1,35,12.890000641346,0,5.96614673912369
160,1,46,34.6500009298325,0,5.07517381523383
70,2,39,47.2799986600876,1,4.24849524204936
120,2,50,14.1599997878075,1,4.78749174278205
140,2,38,37.9999995231628,1,4.9416424226093
90,1,49,42.2600001096725,0,4.49980967033027
190,1,45,30.5200010538101,0,5.24702407216049
110,2,24,33.3799988031387,1,4.70048036579242
110,2,40,37.9799991846085,1,4.70048036579242
60,1,32,38.9699995517731,0,4.0943445622221
140,2,51,28.2499998807907,1,4.9416424226093
330,2,55,44.3899989128113,1,5.79909265446053
70,1,39,30.6199997663498,0,4.24849524204936
110,1,28,31.3800007104874,0,4.70048036579242
40,2,34,55.5599987506866,1,3.68887945411394
40,1,35,50.8499979972839,0,3.68887945411394
190,1,38,30.7200014591217,0,5.24702407216049
60,2,41,49.9000012874603,1,4.0943445622221
60,1,60,58.67999792099,0,4.0943445622221
150,2,43,26.5500009059906,1,5.01063529409626
70,2,32,39.7899985313416,1,4.24849524204936
80,2,33,34.9200010299683,1,4.38202663467388
60,2,29,45.3000009059906,1,4.0943445622221
90,2,59,46.0799992084503,1,4.49980967033027
70,1,23,33.5200011730194,0,4.24849524204936
110,1,38,20.4600006341934,0,4.70048036579242
150,2,29,36.2800002098083,1,5.01063529409626
120,1,43,33.3200007677078,0,4.78749174278205
90,2,39,45.1599985361099,1,4.49980967033027
140,1,39,28.1599998474121,0,4.9416424226093
90,1,28,25.110000371933,0,4.49980967033027
90,2,41,30.1800012588501,1,4.49980967033027
40,1,30,49.1400003433228,0,3.68887945411394
130,2,32,20.3500002622604,1,4.86753445045558
60,2,55,44.1100001335144,1,4.0943445622221
130,2,32,26.1599987745285,1,4.86753445045558
70,2,36,65.6700015068054,1,4.24849524204936
90,1,44,37.5200003385544,0,4.49980967033027
290,2,36,25.0999987125397,1,5.66988092298052
140,2,29,11.0200002789497,1,4.9416424226093
90,1,22,28.3899992704391,0,4.49980967033027
150,2,42,40.8699989318848,1,5.01063529409626
80,1,30,24.1400003433228,0,4.38202663467388
110,2,37,33.7900012731552,1,4.70048036579242
80,2,39,57.8800022602081,1,4.38202663467388
70,2,42,46.7500001192093,1,4.24849524204936
190,1,56,33.5900008678436,0,5.24702407216049
80,2,33,12.9700005054474,1,4.38202663467388
90,1,36,31.0499995946884,0,4.49980967033027
80,2,31,43.07000041008,1,4.38202663467388
110,2,39,29.6499997377396,1,4.70048036579242
90,1,36,38.7699991464615,0,4.49980967033027
100,1,49,30.8999985456467,0,4.60517018598809
120,2,32,31.2999993562698,1,4.78749174278205
140,2,33,48.0699986219406,1,4.9416424226093
90,2,41,31.810000538826,1,4.49980967033027
80,2,38,59.170001745224,1,4.38202663467388
100,1,24,21.4200004935265,0,4.60517018598809
60,1,26,51.8800020217896,0,4.0943445622221
100,2,33,29.0300011634827,1,4.60517018598809
190,2,36,31.0600012540817,1,5.24702407216049
60,2,38,45.100000500679,1,4.0943445622221
210,2,37,22.4199995398521,1,5.34710753071747
150,1,36,29.229998588562,0,5.01063529409626
40,2,25,54.1899979114532,1,3.68887945411394
110,2,48,44.0600007772446,1,4.70048036579242
90,1,24,25.220000743866,0,4.49980967033027
130,1,46,27.1299988031387,0,4.86753445045558
80,1,29,23.9500001072884,0,4.38202663467388
60,2,34,44.2600011825562,1,4.0943445622221
80,1,42,61.8799984455109,0,4.38202663467388
100,2,28,39.6499991416931,1,4.60517018598809
140,2,36,40.149998664856,1,4.9416424226093
80,2,39,30.8499991893768,1,4.38202663467388
80,1,36,37.4000012874603,0,4.38202663467388
70,2,30,25.6599992513657,1,4.24849524204936
70,1,27,38.5199993848801,0,4.24849524204936
100,1,24,24.5000004768372,0,4.60517018598809
80,1,45,36.8800014257431,0,4.38202663467388
130,2,38,35.9400004148483,1,4.86753445045558
130,2,36,44.9099987745285,1,4.86753445045558
120,1,37,23.6699998378754,0,4.78749174278205
170,1,51,28.4700006246567,0,5.13579843705026
90,2,39,27.0099997520447,1,4.49980967033027
140,1,32,44.310000538826,0,4.9416424226093
130,1,25,34.9000006914139,0,4.86753445045558
170,2,41,29.7100007534027,1,5.13579843705026
60,1,27,37.0400011539459,0,4.0943445622221
60,2,33,33.7700009346008,1,4.0943445622221
170,2,36,35.4000002145767,1,5.13579843705026
120,2,49,27.140000462532,1,4.78749174278205
70,2,38,29.0600001811981,1,4.24849524204936
70,1,28,33.5200011730194,0,4.24849524204936
70,2,46,38.3700013160706,1,4.24849524204936
50,2,35,28.0200004577637,1,3.91202300542815
110,2,33,23.819999396801,1,4.70048036579242
80,2,38,55.019998550415,1,4.38202663467388
70,2,31,47.9999989271164,1,4.24849524204936
250,2,35,26.1400014162064,1,5.52146091786225
70,1,45,38.8599991798401,0,4.24849524204936
80,2,27,46.3899999856949,1,4.38202663467388
110,1,23,42.6400005817413,0,4.70048036579242
40,1,37,36.3400012254715,0,3.68887945411394
100,2,30,37.5600010156631,1,4.60517018598809
100,2,36,24.1899996995926,1,4.60517018598809
60,2,43,55.349999666214,1,4.0943445622221
170,2,40,42.5900012254715,1,5.13579843705026
170,2,35,34.349998831749,1,5.13579843705026
80,1,50,26.3399988412857,0,4.38202663467388
110,2,48,18.1799992918968,1,4.70048036579242
110,1,51,41.1900013685226,0,4.70048036579242
70,1,27,45.4499989748001,0,4.24849524204936
270,1,49,22.9200005531311,0,5.59842195899838
240,2,33,29.1399985551834,1,5.48063892334199
70,1,35,25.1899987459183,0,4.24849524204936
110,2,42,39.6100014448166,1,4.70048036579242
60,2,37,20.0599998235703,1,4.0943445622221
70,2,29,44.4400012493134,1,4.24849524204936
80,2,42,27.1200001239777,1,4.38202663467388
190,2,39,33.8800013065338,1,5.24702407216049
160,2,43,17.9299995303154,1,5.07517381523383
90,1,27,29.789999127388,0,4.49980967033027
100,2,42,25.2099990844727,1,4.60517018598809
80,2,37,56.4400017261505,1,4.38202663467388
180,1,42,24.0600004792213,0,5.19295685089021
100,2,46,38.1500005722046,1,4.60517018598809
110,1,45,30.1999986171722,0,4.70048036579242
60,1,30,24.83000010252,0,4.0943445622221
80,2,28,38.2099986076355,1,4.38202663467388
80,2,40,39.3099993467331,1,4.38202663467388
60,2,33,55.4700016975403,1,4.0943445622221
80,2,31,22.4900007247925,1,4.38202663467388
90,1,23,25.330001115799,0,4.49980967033027
70,2,30,23.4400004148483,1,4.24849524204936
100,1,38,54.7999978065491,0,4.60517018598809
190,1,45,20.3600004315376,0,5.24702407216049
50,2,47,36.5299999713898,1,3.91202300542815
60,1,50,46.1600005626678,0,4.0943445622221
80,2,36,38.9800012111664,1,4.38202663467388
90,2,39,37.6899987459183,1,4.49980967033027
110,2,26,44.420000910759,1,4.70048036579242
80,1,28,34.5899999141693,0,4.38202663467388
130,1,41,24.4499996304512,0,4.86753445045558
110,2,51,37.4599993228912,1,4.70048036579242
130,2,28,30.2100002765656,1,4.86753445045558
150,2,34,26.4200001955032,1,5.01063529409626
80,1,32,35.1700007915497,0,4.38202663467388
70,1,25,45.7800000905991,0,4.24849524204936
80,2,31,36.9199991226196,1,4.38202663467388
100,2,32,34.6100002527237,1,4.60517018598809
80,2,33,52.1600008010864,1,4.38202663467388
120,2,42,39.5900011062622,1,4.78749174278205
70,2,36,39.8099988698959,1,4.24849524204936
160,2,32,23.1700003147125,1,5.07517381523383
130,2,45,29.9199998378754,1,4.86753445045558
70,1,23,27.0399987697601,0,4.24849524204936
80,1,26,40.6100004911423,0,4.38202663467388
170,2,42,16.949999332428,1,5.13579843705026
100,1,45,26.910001039505,0,4.60517018598809
160,1,37,24.1999998688698,0,5.07517381523383
110,2,35,16.0500004887581,1,4.70048036579242
120,2,58,54.9000024795532,1,4.78749174278205
110,2,43,37.830001115799,1,4.70048036579242
260,2,33,34.7299993038177,1,5.56068163101553
180,2,26,31.360000371933,1,5.19295685089021
150,2,26,39.1299992799759,1,5.01063529409626
190,2,42,34.8100006580353,1,5.24702407216049
110,2,29,30.4899990558624,1,4.70048036579242
50,1,23,60.5700016021729,0,3.91202300542815
70,2,33,42.0199990272522,1,4.24849524204936
60,1,23,48.4499990940094,0,4.0943445622221
80,1,46,33.1099987030029,0,4.38202663467388
110,2,35,26.2100011110306,1,4.70048036579242
60,1,26,38.8599991798401,0,4.0943445622221
130,1,45,23.6100003123283,0,4.86753445045558
60,1,36,59.5200002193451,0,4.0943445622221
100,2,37,27.8499990701675,1,4.60517018598809
40,2,27,52.9699981212616,1,3.68887945411394
80,2,37,32.4999988079071,1,4.38202663467388
100,2,42,38.8700008392334,1,4.60517018598809
70,2,35,46.3699996471405,1,4.24849524204936
110,1,32,26.6499996185303,0,4.70048036579242
90,2,37,33.6899995803833,1,4.49980967033027
90,1,33,19.709999859333,0,4.49980967033027
50,1,37,56.4400017261505,0,3.91202300542815
70,1,36,26.4299988746643,0,4.24849524204936
40,1,37,34.0000003576279,0,3.68887945411394
90,1,31,36.0199987888336,0,4.49980967033027
50,1,27,38.730001449585,0,3.91202300542815
150,1,51,19.6600005030632,0,5.01063529409626
60,2,31,28.6300003528595,1,4.0943445622221
110,2,37,37.9299998283386,1,4.70048036579242
130,1,35,29.4600009918213,0,4.86753445045558
120,2,33,31.7600011825562,1,4.78749174278205
100,1,36,38.740000128746,0,4.60517018598809
90,2,32,20.550000667572,1,4.49980967033027
70,1,35,31.7299991846085,0,4.24849524204936
100,1,32,23.9399999380112,0,4.60517018598809
270,2,34,18.4300005435944,1,5.59842195899838
100,1,57,43.8400000333786,0,4.60517018598809
150,2,50,28.4200012683868,1,5.01063529409626
70,1,41,46.5799987316132,0,4.24849524204936
110,2,48,47.409999370575,1,4.70048036579242
80,2,32,37.610000371933,1,4.38202663467388
60,2,24,40.9299999475479,1,4.0943445622221
70,1,29,46.9900012016296,0,4.24849524204936
70,2,35,45.7100003957748,1,4.24849524204936
150,2,37,41.6700005531311,1,5.01063529409626
110,2,30,31.7400008440018,1,4.70048036579242
60,2,33,48.8499999046326,1,4.0943445622221
90,2,41,39.2100006341934,1,4.49980967033027
160,2,39,29.6900004148483,1,5.07517381523383
80,2,44,37.4000012874603,1,4.38202663467388
120,2,45,23.5200002789497,1,4.78749174278205
60,1,20,51.3400018215179,0,4.0943445622221
120,2,36,19.1599994897842,1,4.78749174278205
70,2,40,19.030000269413,1,4.24849524204936
200,2,33,14.5500004291534,1,5.29831736654804
60,2,29,42.6400005817413,1,4.0943445622221
60,1,27,49.4800001382828,0,4.0943445622221
50,1,39,49.6300011873245,0,3.91202300542815
80,1,33,42.4800008535385,0,4.38202663467388
90,2,38,36.3599985837936,1,4.49980967033027
60,2,32,39.9699985980988,1,4.0943445622221
210,1,35,21.4499995112419,0,5.34710753071747
90,2,26,21.4599996805191,1,4.49980967033027
190,2,37,20.100000500679,1,5.24702407216049
110,2,38,29.7300010919571,1,4.70048036579242
320,2,33,8.54000002145767,1,5.76832099579377
100,1,36,30.3200006484985,0,4.60517018598809
100,2,39,41.5499985218048,1,4.60517018598809
90,1,55,33.7900012731552,0,4.49980967033027
80,1,29,33.9399993419647,0,4.38202663467388
70,2,31,47.9699999094009,1,4.24849524204936
90,1,43,31.8800002336502,0,4.49980967033027
140,2,44,40.9299999475479,1,4.9416424226093
60,2,31,37.5400006771088,1,4.0943445622221
120,1,23,32.7300012111664,0,4.78749174278205
80,1,40,49.7099995613098,0,4.38202663467388
110,2,44,30.4500013589859,1,4.70048036579242
100,2,38,43.8400000333786,1,4.60517018598809
100,1,52,28.9600014686584,0,4.60517018598809
90,2,33,40.5099987983704,1,4.49980967033027
70,1,29,34.7000002861023,0,4.24849524204936
140,2,36,23.7499997019768,1,4.9416424226093
180,2,31,22.4299997091293,1,5.19295685089021
160,2,43,44.760000705719,1,5.07517381523383
70,1,43,35.5199992656708,0,4.24849524204936
240,1,45,25.6599992513657,0,5.48063892334199
90,2,33,22.7899998426437,1,4.49980967033027
110,1,34,34.2599987983704,0,4.70048036579242
160,2,33,35.5100005865097,1,5.07517381523383
100,2,37,27.2199988365173,1,4.60517018598809
100,2,39,39.0599995851517,1,4.60517018598809
80,2,25,43.4799998998642,1,4.38202663467388
90,2,40,26.9300013780594,1,4.49980967033027
200,2,55,19.650000333786,1,5.29831736654804
80,2,32,25.0999987125397,1,4.38202663467388
90,2,40,42.6800012588501,1,4.49980967033027
120,1,46,31.1899989843369,0,4.78749174278205
90,1,31,39.3799990415573,0,4.49980967033027
110,1,31,21.1500003933907,0,4.70048036579242
140,1,41,42.9500013589859,0,4.9416424226093
60,2,32,34.1500014066696,1,4.0943445622221
220,2,31,23.819999396801,1,5.39362754635236
160,2,39,41.3800001144409,1,5.07517381523383
70,2,35,49.2300003767014,1,4.24849524204936
50,2,31,60.3900015354156,1,3.91202300542815
80,2,34,34.9599987268448,1,4.38202663467388
130,2,40,34.3899995088577,1,4.86753445045558
90,2,33,26.0699987411499,1,4.49980967033027
90,1,46,22.9100003838539,0,4.49980967033027
90,2,35,33.050000667572,1,4.49980967033027
110,2,41,27.3699998855591,1,4.70048036579242
40,1,26,18.7399998307228,0,3.68887945411394
60,2,27,45.1499998569489,1,4.0943445622221
120,2,40,45.100000500679,1,4.78749174278205
120,1,34,20.0100004673004,0,4.78749174278205
90,1,34,17.8000003099442,0,4.49980967033027
80,1,60,32.7399998903275,0,4.38202663467388
60,1,19,40.4599994421005,0,4.0943445622221
60,2,30,50.5200028419495,1,4.0943445622221
70,2,29,29.4400006532669,1,4.24849524204936
120,1,42,27.5000005960464,0,4.78749174278205
70,1,32,30.1999986171722,0,4.24849524204936
100,2,25,38.3899986743927,1,4.60517018598809
100,2,39,30.8299988508224,1,4.60517018598809
70,2,37,48.0199992656708,1,4.24849524204936
80,2,37,45.5599993467331,1,4.38202663467388
80,2,37,24.6399998664856,1,4.38202663467388
90,1,42,41.839998960495,0,4.49980967033027
80,2,31,36.379998922348,1,4.38202663467388
130,1,40,27.6100009679794,0,4.86753445045558
130,1,40,30.4300010204315,0,4.86753445045558
50,2,25,43.8300013542175,1,3.91202300542815
70,1,29,36.1600011587143,0,4.24849524204936
120,2,32,31.2599986791611,1,4.78749174278205
100,1,40,18.2899996638298,0,4.60517018598809
60,2,32,27.9199987649918,1,4.0943445622221
60,1,43,40.5499994754791,0,4.0943445622221
130,2,37,23.9600002765656,1,4.86753445045558
90,1,48,43.8499987125397,0,4.49980967033027
90,2,35,30.3000003099442,1,4.49980967033027
50,1,41,15.6299993395805,0,3.91202300542815
210,2,36,24.1500005125999,1,5.34710753071747
50,2,27,46.2500005960464,1,3.91202300542815
70,2,35,37.4199986457825,1,4.24849524204936
90,2,35,45.6000000238419,1,4.49980967033027
150,2,32,23.309999704361,1,5.01063529409626
210,1,53,25.670000910759,0,5.34710753071747
70,2,26,34.0099990367889,1,4.24849524204936
50,2,42,44.4499999284744,1,3.91202300542815
40,2,32,38.8200014829636,1,3.68887945411394
130,2,34,34.5999985933304,1,4.86753445045558
50,2,34,39.0399992465973,1,3.91202300542815
110,2,46,47.189998626709,1,4.70048036579242
140,2,40,25.5499988794327,1,4.9416424226093
110,2,39,53.0099987983704,1,4.70048036579242
190,2,47,38.7600004673004,1,5.24702407216049
160,1,26,16.2300005555153,0,5.07517381523383
140,2,42,33.3600014448166,1,4.9416424226093
270,1,34,5.71000017225742,0,5.59842195899838
50,1,31,42.2600001096725,0,3.91202300542815
60,2,37,40.4799997806549,1,4.0943445622221
100,1,24,25.4400014877319,0,4.60517018598809
60,1,21,52.9699981212616,0,4.0943445622221
190,2,34,28.4900009632111,1,5.24702407216049
40,1,47,62.1800005435944,0,3.68887945411394
90,2,29,41.0600006580353,1,4.49980967033027
70,2,34,27.8699994087219,1,4.24849524204936
100,2,38,32.9800009727478,1,4.60517018598809
130,2,44,60.6100022792816,1,4.86753445045558
140,1,27,18.8500002026558,0,4.9416424226093
